fdNum,fdStartDate,fdEndDate
1,2002-11-30,2002-12-07
2,2002-12-08,2002-12-14
3,2002-12-15,2002-12-21
4,2002-12-22,2002-12-28
5,2002-12-29,2003-01-04
6,2003-01-05,2003-01-11
7,2003-01-12,2003-01-18
8,2003-01-19,2003-01-25
9,2003-01-26,2003-02-01
10,2003-02-02,2003-02-08
11,2003-02-09,2003-02-15
12,2003-02-16,2003-02-22
13,2003-02-23,2003-03-01
14,2003-03-02,2003-03-08
15,2003-03-09,2003-03-15
16,2003-03-16,2003-03-22
17,2003-03-23,2003-03-29
18,2003-03-30,2003-04-05
19,2003-04-06,2003-04-12
20,2003-04-13,2003-04-19
21,2003-04-20,2003-04-26
22,2003-04-27,2003-05-03
23,2003-05-04,2003-05-10
24,2003-05-11,2003-05-17
25,2003-05-18,2003-05-24
26,2003-05-25,2003-05-31
27,2003-06-01,2003-06-07
28,2003-06-08,2003-06-14
29,2003-06-15,2003-06-21
30,2003-06-22,2003-06-28
31,2003-06-29,2003-07-05
32,2003-07-06,2003-07-12
33,2003-07-13,2003-07-19
34,2003-07-20,2003-07-26
35,2003-07-27,2003-08-02
36,2003-08-03,2003-08-09
37,2003-08-10,2003-08-16
38,2003-08-17,2003-08-23
39,2003-08-24,2003-08-30
40,2003-08-31,2003-09-06
41,2003-09-07,2003-09-13
42,2003-09-14,2003-09-20
43,2003-09-21,2003-09-27
44,2003-09-28,2003-10-04
45,2003-10-05,2003-10-11
46,2003-10-12,2003-10-18
47,2003-10-19,2003-10-25
48,2003-10-26,2003-11-01
49,2003-11-02,2003-11-08
50,2003-11-09,2003-11-15
51,2003-11-16,2003-11-22
52,2003-11-23,2003-11-29
53,2003-11-30,2003-12-06
54,2003-12-07,2003-12-13
55,2003-12-14,2003-12-20
56,2003-12-21,2003-12-27
57,2003-12-28,2004-01-03
58,2004-01-04,2004-01-10
59,2004-01-11,2004-01-17
60,2004-01-18,2004-01-24
61,2004-01-25,2004-01-31
62,2004-02-01,2004-02-07
63,2004-02-08,2004-02-14
64,2004-02-15,2004-02-21
65,2004-02-22,2004-02-28
66,2004-02-29,2004-03-06
67,2004-03-07,2004-03-13
68,2004-03-14,2004-03-20
69,2004-03-21,2004-03-27
70,2004-03-28,2004-04-03
71,2004-04-04,2004-04-10
72,2004-04-11,2004-04-17
73,2004-04-18,2004-04-24
74,2004-04-25,2004-05-01
75,2004-05-02,2004-05-08
76,2004-05-09,2004-05-15
77,2004-05-16,2004-05-22
78,2004-05-23,2004-05-29
79,2004-05-30,2004-06-05
80,2004-06-06,2004-06-12
81,2004-06-13,2004-06-19
82,2004-06-20,2004-06-26
83,2004-06-27,2004-07-03
84,2004-07-04,2004-07-10
85,2004-07-11,2004-07-17
86,2004-07-18,2004-07-24
87,2004-07-25,2004-07-31
88,2004-08-01,2004-08-07
89,2004-08-08,2004-08-14
90,2004-08-15,2004-08-21
91,2004-08-22,2004-08-28
92,2004-08-29,2004-09-04
93,2004-09-05,2004-09-11
94,2004-09-12,2004-09-18
95,2004-09-19,2004-09-25
96,2004-09-26,2004-10-02
97,2004-10-03,2004-10-09
98,2004-10-10,2004-10-16
99,2004-10-17,2004-10-23
100,2004-10-24,2004-10-30
101,2004-10-31,2004-11-06
102,2004-11-07,2004-11-13
103,2004-11-14,2004-11-20
104,2004-11-21,2004-11-27
105,2004-11-28,2004-12-04
106,2004-12-05,2004-12-11
107,2004-12-12,2004-12-18
108,2004-12-19,2004-12-25
109,2004-12-26,2005-01-01
110,2005-01-02,2005-01-08
111,2005-01-09,2005-01-15
112,2005-01-16,2005-01-22
113,2005-01-23,2005-01-29
114,2005-01-30,2005-02-05
115,2005-02-06,2005-02-12
116,2005-02-13,2005-02-19
117,2005-02-20,2005-02-26
118,2005-02-27,2005-03-05
119,2005-03-06,2005-03-12
120,2005-03-13,2005-03-19
121,2005-03-20,2005-03-26
122,2005-03-27,2005-04-02
123,2005-04-03,2005-04-09
124,2005-04-10,2005-04-16
125,2005-04-17,2005-04-23
126,2005-04-24,2005-04-30
127,2005-05-01,2005-05-07
128,2005-05-08,2005-05-14
129,2005-05-15,2005-05-21
130,2005-05-22,2005-05-28
131,2005-05-29,2005-06-04
132,2005-06-05,2005-06-11
133,2005-06-12,2005-06-18
134,2005-06-19,2005-06-25
135,2005-06-26,2005-07-02
136,2005-07-03,2005-07-09
137,2005-07-10,2005-07-16
138,2005-07-17,2005-07-23
139,2005-07-24,2005-07-30
140,2005-07-31,2005-08-06
141,2005-08-07,2005-08-13
142,2005-08-14,2005-08-20
143,2005-08-21,2005-08-27
144,2005-08-28,2005-09-03
145,2005-09-04,2005-09-10
146,2005-09-11,2005-09-17
147,2005-09-18,2005-09-24
148,2005-09-25,2005-10-01
149,2005-10-02,2005-10-08
150,2005-10-09,2005-10-15
151,2005-10-16,2005-10-22
152,2005-10-23,2005-10-29
153,2005-10-30,2005-11-05
154,2005-11-06,2005-11-12
155,2005-11-13,2005-11-19
156,2005-11-20,2005-11-26
157,2005-11-27,2005-12-03
158,2005-12-04,2005-12-10
159,2005-12-11,2005-12-17
160,2005-12-18,2005-12-24
161,2005-12-25,2005-12-31
162,2006-01-01,2006-01-07
163,2006-01-08,2006-01-14
164,2006-01-15,2006-01-21
165,2006-01-22,2006-01-28
166,2006-01-29,2006-02-04
167,2006-02-05,2006-02-11
168,2006-02-12,2006-02-18
169,2006-02-19,2006-02-25
170,2006-02-26,2006-03-04
171,2006-03-05,2006-03-11
172,2006-03-12,2006-03-18
173,2006-03-19,2006-03-25
174,2006-03-26,2006-04-01
175,2006-04-02,2006-04-08
176,2006-04-09,2006-04-15
177,2006-04-16,2006-04-22
178,2006-04-23,2006-04-29
179,2006-04-30,2006-05-06
180,2006-05-07,2006-05-13
181,2006-05-14,2006-05-20
182,2006-05-21,2006-05-27
183,2006-05-28,2006-06-03
184,2006-06-04,2006-06-10
185,2006-06-11,2006-06-17
186,2006-06-18,2006-06-24
187,2006-06-25,2006-07-01
188,2006-07-02,2006-07-08
189,2006-07-09,2006-07-15
190,2006-07-16,2006-07-22
191,2006-07-23,2006-07-29
192,2006-07-30,2006-08-05
193,2006-08-06,2006-08-12
194,2006-08-13,2006-08-19
195,2006-08-20,2006-08-26
196,2006-08-27,2006-09-02
197,2006-09-03,2006-09-09
198,2006-09-10,2006-09-16
199,2006-09-17,2006-09-23
200,2006-09-24,2006-09-30
201,2006-10-01,2006-10-07
202,2006-10-08,2006-10-14
203,2006-10-15,2006-10-21
204,2006-10-22,2006-10-28
205,2006-10-29,2006-11-04
206,2006-11-05,2006-11-11
207,2006-11-12,2006-11-18
208,2006-11-19,2006-11-25
209,2006-11-26,2006-12-02
210,2006-12-03,2006-12-09
211,2006-12-10,2006-12-16
212,2006-12-17,2006-12-23
213,2006-12-24,2006-12-30
214,2006-12-31,2007-01-06
215,2007-01-07,2007-01-13
216,2007-01-14,2007-01-20
217,2007-01-21,2007-01-27
218,2007-01-28,2007-02-03
219,2007-02-04,2007-02-10
220,2007-02-11,2007-02-17
221,2007-02-18,2007-02-24
222,2007-02-25,2007-03-03
223,2007-03-04,2007-03-10
224,2007-03-11,2007-03-17
225,2007-03-18,2007-03-24
226,2007-03-25,2007-03-31
227,2007-04-01,2007-04-07
228,2007-04-08,2007-04-14
229,2007-04-15,2007-04-21
230,2007-04-22,2007-04-28
231,2007-04-29,2007-05-05
232,2007-05-06,2007-05-12
233,2007-05-13,2007-05-19
234,2007-05-20,2007-05-26
235,2007-05-27,2007-06-02
236,2007-06-03,2007-06-09
237,2007-06-10,2007-06-16
238,2007-06-17,2007-06-23
239,2007-06-24,2007-06-30
240,2007-07-01,2007-07-07
241,2007-07-08,2007-07-14
242,2007-07-15,2007-07-21
243,2007-07-22,2007-07-28
244,2007-07-29,2007-08-04
245,2007-08-05,2007-08-11
246,2007-08-12,2007-08-18
247,2007-08-19,2007-08-25
248,2007-08-26,2007-09-01
249,2007-09-02,2007-09-08
250,2007-09-09,2007-09-15
251,2007-09-16,2007-09-22
252,2007-09-23,2007-09-29
253,2007-09-30,2007-10-06
254,2007-10-07,2007-10-13
255,2007-10-14,2007-10-20
256,2007-10-21,2007-10-27
257,2007-10-28,2007-11-03
258,2007-11-04,2007-11-10
259,2007-11-11,2007-11-17
260,2007-11-18,2007-11-24
261,2007-11-25,2007-12-01
262,2007-12-02,2007-12-08
263,2007-12-09,2007-12-15
264,2007-12-16,2007-12-22
265,2007-12-23,2007-12-29
266,2007-12-30,2008-01-05
267,2008-01-06,2008-01-12
268,2008-01-13,2008-01-19
269,2008-01-20,2008-01-26
270,2008-01-27,2008-02-02
271,2008-02-03,2008-02-09
272,2008-02-10,2008-02-16
273,2008-02-17,2008-02-23
274,2008-02-24,2008-03-01
275,2008-03-02,2008-03-08
276,2008-03-09,2008-03-15
277,2008-03-16,2008-03-22
278,2008-03-23,2008-03-29
279,2008-03-30,2008-04-05
280,2008-04-06,2008-04-12
281,2008-04-13,2008-04-19
282,2008-04-20,2008-04-26
283,2008-04-27,2008-05-03
284,2008-05-04,2008-05-10
285,2008-05-11,2008-05-17
286,2008-05-18,2008-05-24
287,2008-05-25,2008-05-31
288,2008-06-01,2008-06-07
289,2008-06-08,2008-06-14
290,2008-06-15,2008-06-21
291,2008-06-22,2008-06-28
292,2008-06-29,2008-07-05
293,2008-07-06,2008-07-12
294,2008-07-13,2008-07-19
295,2008-07-20,2008-07-26
296,2008-07-27,2008-08-02
297,2008-08-03,2008-08-09
298,2008-08-10,2008-08-16
299,2008-08-17,2008-08-23
300,2008-08-24,2008-08-30
301,2008-08-31,2008-09-06
302,2008-09-07,2008-09-13
303,2008-09-14,2008-09-20
304,2008-09-21,2008-09-27
305,2008-09-28,2008-10-04
306,2008-10-05,2008-10-11
307,2008-10-12,2008-10-18
308,2008-10-19,2008-10-25
309,2008-10-26,2008-11-01
310,2008-11-02,2008-11-08
311,2008-11-09,2008-11-15
312,2008-11-16,2008-11-22
313,2008-11-23,2008-11-29
314,2008-11-30,2008-12-06
315,2008-12-07,2008-12-13
316,2008-12-14,2008-12-20
317,2008-12-21,2008-12-27
318,2008-12-28,2009-01-03
319,2009-01-04,2009-01-10
320,2009-01-11,2009-01-17
321,2009-01-18,2009-01-24
322,2009-01-25,2009-01-31
323,2009-02-01,2009-02-07
324,2009-02-08,2009-02-14
325,2009-02-15,2009-02-21
326,2009-02-22,2009-02-28
327,2009-03-01,2009-03-07
328,2009-03-08,2009-03-14
329,2009-03-15,2009-03-21
330,2009-03-22,2009-03-28
331,2009-03-29,2009-04-04
332,2009-04-05,2009-04-11
333,2009-04-12,2009-04-18
334,2009-04-19,2009-04-25
335,2009-04-26,2009-05-02
336,2009-05-03,2009-05-09
337,2009-05-10,2009-05-16
338,2009-05-17,2009-05-23
339,2009-05-24,2009-05-30
340,2009-05-31,2009-06-06
341,2009-06-07,2009-06-13
342,2009-06-14,2009-06-20
343,2009-06-21,2009-06-27
344,2009-06-28,2009-07-04
345,2009-07-05,2009-07-11
346,2009-07-12,2009-07-18
347,2009-07-19,2009-07-25
348,2009-07-26,2009-08-01
349,2009-08-02,2009-08-08
350,2009-08-09,2009-08-15
351,2009-08-16,2009-08-22
352,2009-08-23,2009-08-29
353,2009-08-30,2009-09-05
354,2009-09-06,2009-09-12
355,2009-09-13,2009-09-19
356,2009-09-20,2009-09-26
357,2009-09-27,2009-10-03
358,2009-10-04,2009-10-10
359,2009-10-11,2009-10-17
360,2009-10-18,2009-10-24
361,2009-10-25,2009-10-31
362,2009-11-01,2009-11-07
363,2009-11-08,2009-11-14
364,2009-11-15,2009-11-21
365,2009-11-22,2009-11-28
366,2009-11-29,2009-12-05
367,2009-12-06,2009-12-12
368,2009-12-13,2009-12-19
369,2009-12-20,2009-12-26
370,2009-12-27,2010-01-02
371,2010-01-03,2010-01-09
372,2010-01-10,2010-01-16
373,2010-01-17,2010-01-23
374,2010-01-24,2010-01-30
375,2010-01-31,2010-02-06
376,2010-02-07,2010-02-13
377,2010-02-14,2010-02-20
378,2010-02-21,2010-02-27
379,2010-02-28,2010-03-06
380,2010-03-07,2010-03-13
381,2010-03-14,2010-03-20
382,2010-03-21,2010-03-27
383,2010-03-28,2010-04-03
384,2010-04-04,2010-04-10
385,2010-04-11,2010-04-17
386,2010-04-18,2010-04-24
387,2010-04-25,2010-05-01
388,2010-05-02,2010-05-08
389,2010-05-09,2010-05-15
390,2010-05-16,2010-05-22
391,2010-05-23,2010-05-29
392,2010-05-30,2010-06-05
393,2010-06-06,2010-06-12
394,2010-06-13,2010-06-19
395,2010-06-20,2010-06-26
396,2010-06-27,2010-07-03
397,2010-07-04,2010-07-10
398,2010-07-11,2010-07-17
399,2010-07-18,2010-07-24
400,2010-07-25,2010-07-31
401,2010-08-01,2010-08-07
402,2010-08-08,2010-08-14
403,2010-08-15,2010-08-21
404,2010-08-22,2010-08-28
405,2010-08-29,2010-09-04
406,2010-09-05,2010-09-11
407,2010-09-12,2010-09-18
408,2010-09-19,2010-09-25
409,2010-09-26,2010-10-02
410,2010-10-03,2010-10-09
411,2010-10-10,2010-10-16
412,2010-10-17,2010-10-23
413,2010-10-24,2010-10-30
414,2010-10-31,2010-11-06
415,2010-11-07,2010-11-13
416,2010-11-14,2010-11-20
417,2010-11-21,2010-11-27
418,2010-11-28,2010-12-04
419,2010-12-05,2010-12-11
420,2010-12-12,2010-12-18
421,2010-12-19,2010-12-25
422,2010-12-26,2011-01-01
423,2011-01-02,2011-01-08
424,2011-01-09,2011-01-15
425,2011-01-16,2011-01-22
426,2011-01-23,2011-01-29
427,2011-01-30,2011-02-05
428,2011-02-06,2011-02-12
429,2011-02-13,2011-02-19
430,2011-02-20,2011-02-26
431,2011-02-27,2011-03-05
432,2011-03-06,2011-03-12
433,2011-03-13,2011-03-19
434,2011-03-20,2011-03-26
435,2011-03-27,2011-04-02
436,2011-04-03,2011-04-09
437,2011-04-10,2011-04-16
438,2011-04-17,2011-04-23
439,2011-04-24,2011-04-30
440,2011-05-01,2011-05-07
441,2011-05-08,2011-05-14
442,2011-05-15,2011-05-21
443,2011-05-22,2011-05-28
444,2011-05-29,2011-06-04
445,2011-06-05,2011-06-11
446,2011-06-12,2011-06-18
447,2011-06-19,2011-06-25
448,2011-06-26,2011-07-02
449,2011-07-03,2011-07-09
450,2011-07-10,2011-07-16
451,2011-07-17,2011-07-23
452,2011-07-24,2011-07-30
453,2011-07-31,2011-08-06
454,2011-08-07,2011-08-13
455,2011-08-14,2011-08-20
456,2011-08-21,2011-08-27
457,2011-08-28,2011-09-03
458,2011-09-04,2011-09-10
459,2011-09-11,2011-09-17
460,2011-09-18,2011-09-24
461,2011-09-25,2011-10-01
462,2011-10-02,2011-10-08
463,2011-10-09,2011-10-15
464,2011-10-16,2011-10-22
465,2011-10-23,2011-10-29
466,2011-10-30,2011-11-05
467,2011-11-06,2011-11-12
468,2011-11-13,2011-11-19
469,2011-11-20,2011-11-26
470,2011-11-27,2011-12-03
471,2011-12-04,2011-12-10
472,2011-12-11,2011-12-17
473,2011-12-18,2011-12-24
474,2011-12-25,2011-12-31
475,2012-01-01,2012-01-07
476,2012-01-08,2012-01-14
477,2012-01-15,2012-01-21
478,2012-01-22,2012-01-28
479,2012-01-29,2012-02-04
480,2012-02-05,2012-02-11
481,2012-02-12,2012-02-18
482,2012-02-19,2012-02-25
483,2012-02-26,2012-03-03
484,2012-03-04,2012-03-10
485,2012-03-11,2012-03-17
486,2012-03-18,2012-03-24
487,2012-03-25,2012-03-31
488,2012-04-01,2012-04-07
489,2012-04-08,2012-04-14
490,2012-04-15,2012-04-21
491,2012-04-22,2012-04-28
492,2012-04-29,2012-05-05
493,2012-05-06,2012-05-12
494,2012-05-13,2012-05-19
495,2012-05-20,2012-05-26
496,2012-05-27,2012-06-02
497,2012-06-03,2012-06-09
498,2012-06-10,2012-06-16
499,2012-06-17,2012-06-23
500,2012-06-24,2012-06-30
501,2012-07-01,2012-07-07
502,2012-07-08,2012-07-14
503,2012-07-15,2012-07-21
504,2012-07-22,2012-07-28
505,2012-07-29,2012-08-04
506,2012-08-05,2012-08-11
507,2012-08-12,2012-08-18
508,2012-08-19,2012-08-25
509,2012-08-26,2012-09-01
510,2012-09-02,2012-09-08
511,2012-09-09,2012-09-15
512,2012-09-16,2012-09-22
513,2012-09-23,2012-09-29
514,2012-09-30,2012-10-06
515,2012-10-07,2012-10-13
516,2012-10-14,2012-10-20
517,2012-10-21,2012-10-27
518,2012-10-28,2012-11-03
519,2012-11-04,2012-11-10
520,2012-11-11,2012-11-17
521,2012-11-18,2012-11-24
522,2012-11-25,2012-12-01
523,2012-12-02,2012-12-08
524,2012-12-09,2012-12-15
525,2012-12-16,2012-12-22
526,2012-12-23,2012-12-29
527,2012-12-30,2013-01-05
528,2013-01-06,2013-01-12
529,2013-01-13,2013-01-19
530,2013-01-20,2013-01-26
531,2013-01-27,2013-02-02
532,2013-02-03,2013-02-09
533,2013-02-10,2013-02-16
534,2013-02-17,2013-02-23
535,2013-02-24,2013-03-02
536,2013-03-03,2013-03-09
537,2013-03-10,2013-03-16
538,2013-03-17,2013-03-23
539,2013-03-24,2013-03-30
540,2013-03-31,2013-04-06
541,2013-04-07,2013-04-13
542,2013-04-14,2013-04-20
543,2013-04-21,2013-04-27
544,2013-04-28,2013-05-04
545,2013-05-05,2013-05-11
546,2013-05-12,2013-05-18
547,2013-05-19,2013-05-25
548,2013-05-26,2013-06-01
549,2013-06-02,2013-06-08
550,2013-06-09,2013-06-15
551,2013-06-16,2013-06-22
552,2013-06-23,2013-06-29
553,2013-06-30,2013-07-06
554,2013-07-07,2013-07-13
555,2013-07-14,2013-07-20
556,2013-07-21,2013-07-27
557,2013-07-28,2013-08-03
558,2013-08-04,2013-08-10
559,2013-08-11,2013-08-17
560,2013-08-18,2013-08-24
561,2013-08-25,2013-08-31
562,2013-09-01,2013-09-07
563,2013-09-08,2013-09-14
564,2013-09-15,2013-09-21
565,2013-09-22,2013-09-28
566,2013-09-29,2013-10-05
567,2013-10-06,2013-10-12
568,2013-10-13,2013-10-19
569,2013-10-20,2013-10-26
570,2013-10-27,2013-11-02
571,2013-11-03,2013-11-09
572,2013-11-10,2013-11-16
573,2013-11-17,2013-11-23
574,2013-11-24,2013-11-30
575,2013-12-01,2013-12-07
576,2013-12-08,2013-12-14
577,2013-12-15,2013-12-21
578,2013-12-22,2013-12-28
579,2013-12-29,2014-01-04
580,2014-01-05,2014-01-11
581,2014-01-12,2014-01-18
582,2014-01-19,2014-01-25
583,2014-01-26,2014-02-01
584,2014-02-02,2014-02-08
585,2014-02-09,2014-02-15
586,2014-02-16,2014-02-22
587,2014-02-23,2014-03-01
588,2014-03-02,2014-03-08
589,2014-03-09,2014-03-15
590,2014-03-16,2014-03-22
591,2014-03-23,2014-03-29
592,2014-03-30,2014-04-05
593,2014-04-06,2014-04-12
594,2014-04-13,2014-04-19
595,2014-04-20,2014-04-26
596,2014-04-27,2014-05-03
597,2014-05-04,2014-05-10
598,2014-05-11,2014-05-17
599,2014-05-18,2014-05-24
600,2014-05-25,2014-05-31
601,2014-06-01,2014-06-07
602,2014-06-08,2014-06-14
603,2014-06-15,2014-06-21
604,2014-06-22,2014-06-28
605,2014-06-29,2014-07-05
606,2014-07-06,2014-07-12
607,2014-07-13,2014-07-19
608,2014-07-20,2014-07-26
609,2014-07-27,2014-08-02
610,2014-08-03,2014-08-09
611,2014-08-10,2014-08-16
612,2014-08-17,2014-08-23
613,2014-08-24,2014-08-30
614,2014-08-31,2014-09-06
615,2014-09-07,2014-09-13
616,2014-09-14,2014-09-20
617,2014-09-21,2014-09-27
618,2014-09-28,2014-10-04
619,2014-10-05,2014-10-11
620,2014-10-12,2014-10-18
621,2014-10-19,2014-10-25
622,2014-10-26,2014-11-01
623,2014-11-02,2014-11-08
624,2014-11-09,2014-11-15
625,2014-11-16,2014-11-22
626,2014-11-23,2014-11-29
627,2014-11-30,2014-12-06
628,2014-12-07,2014-12-13
629,2014-12-14,2014-12-20
630,2014-12-21,2014-12-27
631,2014-12-28,2015-01-03
632,2015-01-04,2015-01-10
633,2015-01-11,2015-01-17
634,2015-01-18,2015-01-24
635,2015-01-25,2015-01-31
636,2015-02-01,2015-02-07
637,2015-02-08,2015-02-14
638,2015-02-15,2015-02-21
639,2015-02-22,2015-02-28
640,2015-03-01,2015-03-07
641,2015-03-08,2015-03-14
642,2015-03-15,2015-03-21
643,2015-03-22,2015-03-28
644,2015-03-29,2015-04-04
645,2015-04-05,2015-04-11
646,2015-04-12,2015-04-18
647,2015-04-19,2015-04-25
648,2015-04-26,2015-05-02
649,2015-05-03,2015-05-09
650,2015-05-10,2015-05-16
651,2015-05-17,2015-05-23
652,2015-05-24,2015-05-30
653,2015-05-31,2015-06-06
654,2015-06-07,2015-06-13
655,2015-06-14,2015-06-20
656,2015-06-21,2015-06-27
657,2015-06-28,2015-07-04
658,2015-07-05,2015-07-11
659,2015-07-12,2015-07-18
660,2015-07-19,2015-07-25
661,2015-07-26,2015-08-01
662,2015-08-02,2015-08-08
663,2015-08-09,2015-08-15
664,2015-08-16,2015-08-22
665,2015-08-23,2015-08-29
666,2015-08-30,2015-09-05
667,2015-09-06,2015-09-12
668,2015-09-13,2015-09-19
669,2015-09-20,2015-09-26
670,2015-09-27,2015-10-03
671,2015-10-04,2015-10-10
672,2015-10-11,2015-10-17
673,2015-10-18,2015-10-24
674,2015-10-25,2015-10-31
675,2015-11-01,2015-11-07
676,2015-11-08,2015-11-14
677,2015-11-15,2015-11-21
678,2015-11-22,2015-11-28
679,2015-11-29,2015-12-05
680,2015-12-06,2015-12-12
681,2015-12-13,2015-12-19
682,2015-12-20,2015-12-26
683,2015-12-27,2016-01-02
684,2016-01-03,2016-01-09
685,2016-01-10,2016-01-16
686,2016-01-17,2016-01-23
687,2016-01-24,2016-01-30
688,2016-01-31,2016-02-06
689,2016-02-07,2016-02-13
690,2016-02-14,2016-02-20
691,2016-02-21,2016-02-27
692,2016-02-28,2016-03-05
693,2016-03-06,2016-03-12
694,2016-03-13,2016-03-19
695,2016-03-20,2016-03-26
696,2016-03-27,2016-04-02
697,2016-04-03,2016-04-09
698,2016-04-10,2016-04-16
699,2016-04-17,2016-04-23
700,2016-04-24,2016-04-30
701,2016-05-01,2016-05-07
702,2016-05-08,2016-05-14
703,2016-05-15,2016-05-21
704,2016-05-22,2016-05-28
705,2016-05-29,2016-06-04
706,2016-06-05,2016-06-11
707,2016-06-12,2016-06-18
708,2016-06-19,2016-06-25
709,2016-06-26,2016-07-02
710,2016-07-03,2016-07-09
711,2016-07-10,2016-07-16
712,2016-07-17,2016-07-23
713,2016-07-24,2016-07-30
714,2016-07-31,2016-08-06
715,2016-08-07,2016-08-13
716,2016-08-14,2016-08-20
717,2016-08-21,2016-08-27
718,2016-08-28,2016-09-03
719,2016-09-04,2016-09-10
720,2016-09-11,2016-09-17
721,2016-09-18,2016-09-24
722,2016-09-25,2016-10-01
723,2016-10-02,2016-10-08
724,2016-10-09,2016-10-15
725,2016-10-16,2016-10-22
726,2016-10-23,2016-10-29
727,2016-10-30,2016-11-05
728,2016-11-06,2016-11-12
729,2016-11-13,2016-11-19
730,2016-11-20,2016-11-26
731,2016-11-27,2016-12-03
732,2016-12-04,2016-12-10
733,2016-12-11,2016-12-17
734,2016-12-18,2016-12-24
735,2016-12-25,2016-12-31
736,2017-01-01,2017-01-07
737,2017-01-08,2017-01-14
738,2017-01-15,2017-01-21
739,2017-01-22,2017-01-28
740,2017-01-29,2017-02-04
741,2017-02-05,2017-02-11
742,2017-02-12,2017-02-18
743,2017-02-19,2017-02-25
744,2017-02-26,2017-03-04
745,2017-03-05,2017-03-11
746,2017-03-12,2017-03-18
747,2017-03-19,2017-03-25
748,2017-03-26,2017-04-01
749,2017-04-02,2017-04-08
750,2017-04-09,2017-04-15
751,2017-04-16,2017-04-22
752,2017-04-23,2017-04-29
753,2017-04-30,2017-05-06
754,2017-05-07,2017-05-13
755,2017-05-14,2017-05-20
756,2017-05-21,2017-05-27
757,2017-05-28,2017-06-03
758,2017-06-04,2017-06-10
759,2017-06-11,2017-06-17
760,2017-06-18,2017-06-24
761,2017-06-25,2017-07-01
762,2017-07-02,2017-07-08
763,2017-07-09,2017-07-15
764,2017-07-16,2017-07-22
765,2017-07-23,2017-07-29
766,2017-07-30,2017-08-05
767,2017-08-06,2017-08-12
768,2017-08-13,2017-08-19
769,2017-08-20,2017-08-26
770,2017-08-27,2017-09-02
771,2017-09-03,2017-09-09
772,2017-09-10,2017-09-16
773,2017-09-17,2017-09-23
774,2017-09-24,2017-09-30
775,2017-10-01,2017-10-07
776,2017-10-08,2017-10-14
777,2017-10-15,2017-10-21
778,2017-10-22,2017-10-28
779,2017-10-29,2017-11-04
780,2017-11-05,2017-11-11
781,2017-11-12,2017-11-18
782,2017-11-19,2017-11-25
783,2017-11-26,2017-12-02
784,2017-12-03,2017-12-09
785,2017-12-10,2017-12-16
786,2017-12-17,2017-12-23
787,2017-12-24,2017-12-30
788,2017-12-31,2018-01-06
789,2018-01-07,2018-01-13
790,2018-01-14,2018-01-20
791,2018-01-21,2018-01-27
792,2018-01-28,2018-02-03
793,2018-02-04,2018-02-10
794,2018-02-11,2018-02-17
795,2018-02-18,2018-02-24
796,2018-02-25,2018-03-03
797,2018-03-04,2018-03-10
798,2018-03-11,2018-03-17
799,2018-03-18,2018-03-24
800,2018-03-25,2018-03-31
801,2018-04-01,2018-04-07
802,2018-04-08,2018-04-14
803,2018-04-15,2018-04-21
804,2018-04-22,2018-04-28
805,2018-04-29,2018-05-05
806,2018-05-06,2018-05-12
807,2018-05-13,2018-05-19
808,2018-05-20,2018-05-26
809,2018-05-27,2018-06-02
810,2018-06-03,2018-06-09
811,2018-06-10,2018-06-16
812,2018-06-17,2018-06-23
813,2018-06-24,2018-06-30
814,2018-07-01,2018-07-07
815,2018-07-08,2018-07-14
816,2018-07-15,2018-07-21
817,2018-07-22,2018-07-28
818,2018-07-29,2018-08-04
819,2018-08-05,2018-08-11
820,2018-08-12,2018-08-18
821,2018-08-19,2018-08-25
822,2018-08-26,2018-09-01
823,2018-09-02,2018-09-08
824,2018-09-09,2018-09-15
825,2018-09-16,2018-09-22
826,2018-09-23,2018-09-29
827,2018-09-30,2018-10-06
828,2018-10-07,2018-10-13
829,2018-10-14,2018-10-20
830,2018-10-21,2018-10-27
831,2018-10-28,2018-11-03
832,2018-11-04,2018-11-10
833,2018-11-11,2018-11-17
834,2018-11-18,2018-11-24
835,2018-11-25,2018-12-01
836,2018-12-02,2018-12-08
837,2018-12-09,2018-12-15
838,2018-12-16,2018-12-22
839,2018-12-23,2018-12-29
840,2018-12-30,2019-01-05
841,2019-01-06,2019-01-12
842,2019-01-13,2019-01-19
843,2019-01-20,2019-01-26
844,2019-01-27,2019-02-02
845,2019-02-03,2019-02-09
846,2019-02-10,2019-02-16
847,2019-02-17,2019-02-23
848,2019-02-24,2019-03-02
849,2019-03-03,2019-03-09
850,2019-03-10,2019-03-16
851,2019-03-17,2019-03-23
852,2019-03-24,2019-03-30
853,2019-03-31,2019-04-06
854,2019-04-07,2019-04-13
855,2019-04-14,2019-04-20
856,2019-04-21,2019-04-27
857,2019-04-28,2019-05-04
858,2019-05-05,2019-05-11
859,2019-05-12,2019-05-18
860,2019-05-19,2019-05-25
861,2019-05-26,2019-06-01
862,2019-06-02,2019-06-08
863,2019-06-09,2019-06-15
864,2019-06-16,2019-06-22
865,2019-06-23,2019-06-29
866,2019-06-30,2019-07-06
867,2019-07-07,2019-07-13
868,2019-07-14,2019-07-20
869,2019-07-21,2019-07-27
870,2019-07-28,2019-08-03
871,2019-08-04,2019-08-10
872,2019-08-11,2019-08-17
873,2019-08-18,2019-08-24
874,2019-08-25,2019-08-31
875,2019-09-01,2019-09-07
876,2019-09-08,2019-09-14
877,2019-09-15,2019-09-21
878,2019-09-22,2019-09-28
879,2019-09-29,2019-10-05
880,2019-10-06,2019-10-12
881,2019-10-13,2019-10-19
882,2019-10-20,2019-10-26
883,2019-10-27,2019-11-02
884,2019-11-03,2019-11-09
885,2019-11-10,2019-11-16
886,2019-11-17,2019-11-23
887,2019-11-24,2019-11-30
888,2019-12-01,2019-12-07
889,2019-12-08,2019-12-14
890,2019-12-15,2019-12-21
891,2019-12-22,2019-12-28
892,2019-12-29,2020-01-04
893,2020-01-05,2020-01-11
894,2020-01-12,2020-01-18
895,2020-01-19,2020-01-25
896,2020-01-26,2020-02-01
897,2020-02-02,2020-02-08
898,2020-02-09,2020-02-15
899,2020-02-16,2020-02-22
900,2020-02-23,2020-02-29
901,2020-03-01,2020-03-07
902,2020-03-08,2020-03-14
903,2020-03-15,2020-03-21
904,2020-03-22,2020-03-28
905,2020-03-29,2020-04-04
906,2020-04-05,2020-04-11
907,2020-04-12,2020-04-18
908,2020-04-19,2020-04-25
909,2020-04-26,2020-05-02
910,2020-05-03,2020-05-09
911,2020-05-10,2020-05-16
912,2020-05-17,2020-05-23
913,2020-05-24,2020-05-30
914,2020-05-31,2020-06-06
915,2020-06-07,2020-06-13
916,2020-06-14,2020-06-20
917,2020-06-21,2020-06-27
918,2020-06-28,2020-07-04
919,2020-07-05,2020-07-11
920,2020-07-12,2020-07-18
921,2020-07-19,2020-07-25
922,2020-07-26,2020-08-01
923,2020-08-02,2020-08-08
924,2020-08-09,2020-08-15
925,2020-08-16,2020-08-22
926,2020-08-23,2020-08-29
927,2020-08-30,2020-09-05
928,2020-09-06,2020-09-12
929,2020-09-13,2020-09-19
930,2020-09-20,2020-09-26
931,2020-09-27,2020-10-03
932,2020-10-04,2020-10-10
933,2020-10-11,2020-10-17
934,2020-10-18,2020-10-24
935,2020-10-25,2020-10-31
936,2020-11-01,2020-11-07
937,2020-11-08,2020-11-14
938,2020-11-15,2020-11-21
939,2020-11-22,2020-11-28
940,2020-11-29,2020-12-05
941,2020-12-06,2020-12-12
942,2020-12-13,2020-12-19
943,2020-12-20,2020-12-26
944,2020-12-27,2021-01-02
945,2021-01-03,2021-01-09
946,2021-01-10,2021-01-16
947,2021-01-17,2021-01-23
948,2021-01-24,2021-01-30
949,2021-01-31,2021-02-06
950,2021-02-07,2021-02-13
951,2021-02-14,2021-02-20
952,2021-02-21,2021-02-27
953,2021-02-28,2021-03-06
954,2021-03-07,2021-03-13
955,2021-03-14,2021-03-20
956,2021-03-21,2021-03-27
957,2021-03-28,2021-04-03
958,2021-04-04,2021-04-10
959,2021-04-11,2021-04-17
960,2021-04-18,2021-04-24
961,2021-04-25,2021-05-01
962,2021-05-02,2021-05-08
963,2021-05-09,2021-05-15
964,2021-05-16,2021-05-22
965,2021-05-23,2021-05-29
966,2021-05-30,2021-06-05
967,2021-06-06,2021-06-12
968,2021-06-13,2021-06-19
969,2021-06-20,2021-06-26
970,2021-06-27,2021-07-03
971,2021-07-04,2021-07-10
972,2021-07-11,2021-07-17
973,2021-07-18,2021-07-24
974,2021-07-25,2021-07-31
975,2021-08-01,2021-08-07
976,2021-08-08,2021-08-14
977,2021-08-15,2021-08-21
978,2021-08-22,2021-08-28
979,2021-08-29,2021-09-04
980,2021-09-05,2021-09-11
981,2021-09-12,2021-09-18
982,2021-09-19,2021-09-25
983,2021-09-26,2021-10-02
984,2021-10-03,2021-10-09
985,2021-10-10,2021-10-16
986,2021-10-17,2021-10-23
987,2021-10-24,2021-10-30
988,2021-10-31,2021-11-06
989,2021-11-07,2021-11-13
990,2021-11-14,2021-11-20
991,2021-11-21,2021-11-27
992,2021-11-28,2021-12-04
993,2021-12-05,2021-12-11
994,2021-12-12,2021-12-18
995,2021-12-19,2021-12-25
996,2021-12-26,2022-01-01
997,2022-01-02,2022-01-08
998,2022-01-09,2022-01-15
999,2022-01-16,2022-01-22
1000,2022-01-23,2022-01-29
1001,2022-01-30,2022-02-05
1002,2022-02-06,2022-02-12
1003,2022-02-13,2022-02-19
1004,2022-02-20,2022-02-26
1005,2022-02-27,2022-03-05
1006,2022-03-06,2022-03-12
1007,2022-03-13,2022-03-19
1008,2022-03-20,2022-03-26
1009,2022-03-27,2022-04-02
1010,2022-04-03,2022-04-09
1011,2022-04-10,2022-04-16
1012,2022-04-17,2022-04-23
1013,2022-04-24,2022-04-30
1014,2022-05-01,2022-05-07
1015,2022-05-08,2022-05-14
1016,2022-05-15,2022-05-21
1017,2022-05-22,2022-05-28
1018,2022-05-29,2022-06-04
1019,2022-06-05,2022-06-11
1020,2022-06-12,2022-06-18
1021,2022-06-19,2022-06-25
1022,2022-06-26,2022-07-02
1023,2022-07-03,2022-07-09
1024,2022-07-10,2022-07-16
1025,2022-07-17,2022-07-23
1026,2022-07-24,2022-07-30
1027,2022-07-31,2022-08-06
1028,2022-08-07,2022-08-13
1029,2022-08-14,2022-08-20
1030,2022-08-21,2022-08-27
1031,2022-08-28,2022-09-03
1032,2022-09-04,2022-09-10
1033,2022-09-11,2022-09-17
1034,2022-09-18,2022-09-24
1035,2022-09-25,2022-10-01
1036,2022-10-02,2022-10-08
1037,2022-10-09,2022-10-15
1038,2022-10-16,2022-10-22
1039,2022-10-23,2022-10-29
1040,2022-10-30,2022-11-05
1041,2022-11-06,2022-11-12
1042,2022-11-13,2022-11-19
1043,2022-11-20,2022-11-26
1044,2022-11-27,2022-12-03
1045,2022-12-04,2022-12-10
1046,2022-12-11,2022-12-17
1047,2022-12-18,2022-12-24
1048,2022-12-25,2022-12-31
1049,2023-01-01,2023-01-07
1050,2023-01-08,2023-01-14
1051,2023-01-15,2023-01-21
1052,2023-01-22,2023-01-28
1053,2023-01-29,2023-02-04
1054,2023-02-05,2023-02-11
1055,2023-02-12,2023-02-18
1056,2023-02-19,2023-02-25
1057,2023-02-26,2023-03-04
1058,2023-03-05,2023-03-11
1059,2023-03-12,2023-03-18
1060,2023-03-19,2023-03-25
1061,2023-03-26,2023-04-01
1062,2023-04-02,2023-04-08
1063,2023-04-09,2023-04-15
1064,2023-04-16,2023-04-22
1065,2023-04-23,2023-04-29
1066,2023-04-30,2023-05-06
1067,2023-05-07,2023-05-13
1068,2023-05-14,2023-05-20
1069,2023-05-21,2023-05-27
1070,2023-05-28,2023-06-03
1071,2023-06-04,2023-06-10
1072,2023-06-11,2023-06-17
1073,2023-06-18,2023-06-24
1074,2023-06-25,2023-07-01
1075,2023-07-02,2023-07-08
1076,2023-07-09,2023-07-15
1077,2023-07-16,2023-07-22
1078,2023-07-23,2023-07-29
1079,2023-07-30,2023-08-05
1080,2023-08-06,2023-08-12
1081,2023-08-13,2023-08-19
1082,2023-08-20,2023-08-26
1083,2023-08-27,2023-09-02
1084,2023-09-03,2023-09-09
1085,2023-09-10,2023-09-16
1086,2023-09-17,2023-09-23
1087,2023-09-24,2023-09-30
1088,2023-10-01,2023-10-07
1089,2023-10-08,2023-10-14
1090,2023-10-15,2023-10-21
1091,2023-10-22,2023-10-28
1092,2023-10-29,2023-11-04
1093,2023-11-05,2023-11-11
1094,2023-11-12,2023-11-18
1095,2023-11-19,2023-11-25
1096,2023-11-26,2023-12-02
1097,2023-12-03,2023-12-09
1098,2023-12-10,2023-12-16
1099,2023-12-17,2023-12-23
1100,2023-12-24,2023-12-30
1101,2023-12-31,2024-01-06
1102,2024-01-07,2024-01-13
1103,2024-01-14,2024-01-20
1104,2024-01-21,2024-01-27
1105,2024-01-28,2024-02-03
1106,2024-02-04,2024-02-10
1107,2024-02-11,2024-02-17
1108,2024-02-18,2024-02-24
1109,2024-02-25,2024-03-02
1110,2024-03-03,2024-03-09
1111,2024-03-10,2024-03-16
1112,2024-03-17,2024-03-23
1113,2024-03-24,2024-03-30
1114,2024-03-31,2024-04-06
1115,2024-04-07,2024-04-13
1116,2024-04-14,2024-04-20
1117,2024-04-21,2024-04-27
1118,2024-04-28,2024-05-04
1119,2024-05-05,2024-05-11
1120,2024-05-12,2024-05-18
1121,2024-05-19,2024-05-25
1122,2024-05-26,2024-06-01
1123,2024-06-02,2024-06-08
1124,2024-06-09,2024-06-15
1125,2024-06-16,2024-06-22
1126,2024-06-23,2024-06-29
1127,2024-06-30,2024-07-06
1128,2024-07-07,2024-07-13
1129,2024-07-14,2024-07-20
1130,2024-07-21,2024-07-27
1131,2024-07-28,2024-08-03
1132,2024-08-04,2024-08-10
1133,2024-08-11,2024-08-17
1134,2024-08-18,2024-08-24
1135,2024-08-25,2024-08-31
1136,2024-09-01,2024-09-07
1137,2024-09-08,2024-09-14
1138,2024-09-15,2024-09-21
1139,2024-09-22,2024-09-28
1140,2024-09-29,2024-10-05
1141,2024-10-06,2024-10-12
1142,2024-10-13,2024-10-19
1143,2024-10-20,2024-10-26
1144,2024-10-27,2024-11-02
1145,2024-11-03,2024-11-09
1146,2024-11-10,2024-11-16
1147,2024-11-17,2024-11-23
1148,2024-11-24,2024-11-30
1149,2024-12-01,2024-12-07
1150,2024-12-08,2024-12-14
1151,2024-12-15,2024-12-21
1152,2024-12-22,2024-12-28
1153,2024-12-29,2025-01-04
1154,2025-01-05,2025-01-11
1155,2025-01-12,2025-01-18
1156,2025-01-19,2025-01-25
1157,2025-01-26,2025-02-01
1158,2025-02-02,2025-02-08
1159,2025-02-09,2025-02-15
1160,2025-02-16,2025-02-22
1161,2025-02-23,2025-03-01
1162,2025-03-02,2025-03-08
1163,2025-03-09,2025-03-15
1164,2025-03-16,2025-03-22
1165,2025-03-23,2025-03-29
1166,2025-03-30,2025-04-05
1167,2025-04-06,2025-04-12
1168,2025-04-13,2025-04-19
1169,2025-04-20,2025-04-26
1170,2025-04-27,2025-05-03
1171,2025-05-04,2025-05-10
1172,2025-05-11,2025-05-17
1173,2025-05-18,2025-05-24
1174,2025-05-25,2025-05-31
1175,2025-06-01,2025-06-07
1176,2025-06-08,2025-06-14
1177,2025-06-15,2025-06-21
1178,2025-06-22,2025-06-28
1179,2025-06-29,2025-07-05
1180,2025-07-06,2025-07-12
1181,2025-07-13,2025-07-19
1182,2025-07-20,2025-07-26
1183,2025-07-27,2025-08-02
1184,2025-08-03,2025-08-09
1185,2025-08-10,2025-08-16
1186,2025-08-17,2025-08-23
1187,2025-08-24,2025-08-30
1188,2025-08-31,2025-09-06
1189,2025-09-07,2025-09-13
1190,2025-09-14,2025-09-20
1191,2025-09-21,2025-09-27
1192,2025-09-28,2025-10-04
1193,2025-10-05,2025-10-11
1194,2025-10-12,2025-10-18
1195,2025-10-19,2025-10-25
1196,2025-10-26,2025-11-01
1197,2025-11-02,2025-11-08
1198,2025-11-09,2025-11-15
1199,2025-11-16,2025-11-22
1200,2025-11-23,2025-11-29
1201,2025-11-30,2025-12-06
1202,2025-12-07,2025-12-13
1203,2025-12-14,2025-12-20
1204,2025-12-21,2025-12-27
1205,2025-12-28,2026-01-03
1206,2026-01-04,2026-01-10
1207,2026-01-11,2026-01-17
1208,2026-01-18,2026-01-24
1209,2026-01-25,2026-01-31
1210,2026-02-01,2026-02-07
1211,2026-02-08,2026-02-14
1212,2026-02-15,2026-02-21
1213,2026-02-22,2026-02-28
1214,2026-03-01,2026-03-07
1215,2026-03-08,2026-03-14
1216,2026-03-15,2026-03-21
1217,2026-03-22,2026-03-28
1218,2026-03-29,2026-04-04
1219,2026-04-05,2026-04-11
1220,2026-04-12,2026-04-18
1221,2026-04-19,2026-04-25
1222,2026-04-26,2026-05-02
1223,2026-05-03,2026-05-09
1224,2026-05-10,2026-05-16
1225,2026-05-17,2026-05-23
1226,2026-05-24,2026-05-30
1227,2026-05-31,2026-06-06
1228,2026-06-07,2026-06-13
1229,2026-06-14,2026-06-20
1230,2026-06-21,2026-06-27
1231,2026-06-28,2026-07-04
1232,2026-07-05,2026-07-11
1233,2026-07-12,2026-07-18
1234,2026-07-19,2026-07-25
1235,2026-07-26,2026-08-01
1236,2026-08-02,2026-08-08
1237,2026-08-09,2026-08-15
1238,2026-08-16,2026-08-22
1239,2026-08-23,2026-08-29
1240,2026-08-30,2026-09-05
1241,2026-09-06,2026-09-12
1242,2026-09-13,2026-09-19
1243,2026-09-20,2026-09-26
1244,2026-09-27,2026-10-03
1245,2026-10-04,2026-10-10
1246,2026-10-11,2026-10-17
1247,2026-10-18,2026-10-24
1248,2026-10-25,2026-10-31
1249,2026-11-01,2026-11-07
1250,2026-11-08,2026-11-14
1251,2026-11-15,2026-11-21
1252,2026-11-22,2026-11-28
1253,2026-11-29,2026-12-05
1254,2026-12-06,2026-12-12
1255,2026-12-13,2026-12-19
1256,2026-12-20,2026-12-26
1257,2026-12-27,2027-01-02
1258,2027-01-03,2027-01-09
1259,2027-01-10,2027-01-16
1260,2027-01-17,2027-01-23
1261,2027-01-24,2027-01-30
1262,2027-01-31,2027-02-06
1263,2027-02-07,2027-02-13
1264,2027-02-14,2027-02-20
1265,2027-02-21,2027-02-27
1266,2027-02-28,2027-03-06
1267,2027-03-07,2027-03-13
1268,2027-03-14,2027-03-20
1269,2027-03-21,2027-03-27
1270,2027-03-28,2027-04-03
1271,2027-04-04,2027-04-10
1272,2027-04-11,2027-04-17
1273,2027-04-18,2027-04-24
1274,2027-04-25,2027-05-01
1275,2027-05-02,2027-05-08
1276,2027-05-09,2027-05-15
1277,2027-05-16,2027-05-22
1278,2027-05-23,2027-05-29
1279,2027-05-30,2027-06-05
1280,2027-06-06,2027-06-12
1281,2027-06-13,2027-06-19
1282,2027-06-20,2027-06-26
1283,2027-06-27,2027-07-03
1284,2027-07-04,2027-07-10
1285,2027-07-11,2027-07-17
1286,2027-07-18,2027-07-24
1287,2027-07-25,2027-07-31
1288,2027-08-01,2027-08-07
1289,2027-08-08,2027-08-14
1290,2027-08-15,2027-08-21
1291,2027-08-22,2027-08-28
1292,2027-08-29,2027-09-04
1293,2027-09-05,2027-09-11
1294,2027-09-12,2027-09-18
1295,2027-09-19,2027-09-25
1296,2027-09-26,2027-10-02
1297,2027-10-03,2027-10-09
1298,2027-10-10,2027-10-16
1299,2027-10-17,2027-10-23
1300,2027-10-24,2027-10-30
1301,2027-10-31,2027-11-06
1302,2027-11-07,2027-11-13
1303,2027-11-14,2027-11-20
1304,2027-11-21,2027-11-27
1305,2027-11-28,2027-12-04
1306,2027-12-05,2027-12-11
1307,2027-12-12,2027-12-18
1308,2027-12-19,2027-12-25
1309,2027-12-26,2028-01-01
1310,2028-01-02,2028-01-08
1311,2028-01-09,2028-01-15
1312,2028-01-16,2028-01-22
1313,2028-01-23,2028-01-29
1314,2028-01-30,2028-02-05
1315,2028-02-06,2028-02-12
1316,2028-02-13,2028-02-19
1317,2028-02-20,2028-02-26
1318,2028-02-27,2028-03-04
1319,2028-03-05,2028-03-11
1320,2028-03-12,2028-03-18
1321,2028-03-19,2028-03-25
1322,2028-03-26,2028-04-01
1323,2028-04-02,2028-04-08
1324,2028-04-09,2028-04-15
1325,2028-04-16,2028-04-22
1326,2028-04-23,2028-04-29
1327,2028-04-30,2028-05-06
1328,2028-05-07,2028-05-13
1329,2028-05-14,2028-05-20
1330,2028-05-21,2028-05-27
1331,2028-05-28,2028-06-03
1332,2028-06-04,2028-06-10
1333,2028-06-11,2028-06-17
1334,2028-06-18,2028-06-24
1335,2028-06-25,2028-07-01
1336,2028-07-02,2028-07-08
1337,2028-07-09,2028-07-15
1338,2028-07-16,2028-07-22
1339,2028-07-23,2028-07-29
1340,2028-07-30,2028-08-05
1341,2028-08-06,2028-08-12
1342,2028-08-13,2028-08-19
1343,2028-08-20,2028-08-26
1344,2028-08-27,2028-09-02
1345,2028-09-03,2028-09-09
1346,2028-09-10,2028-09-16
1347,2028-09-17,2028-09-23
1348,2028-09-24,2028-09-30
1349,2028-10-01,2028-10-07
1350,2028-10-08,2028-10-14
1351,2028-10-15,2028-10-21
1352,2028-10-22,2028-10-28
1353,2028-10-29,2028-11-04
1354,2028-11-05,2028-11-11
1355,2028-11-12,2028-11-18
1356,2028-11-19,2028-11-25
1357,2028-11-26,2028-12-02
1358,2028-12-03,2028-12-09
1359,2028-12-10,2028-12-16
1360,2028-12-17,2028-12-23
1361,2028-12-24,2028-12-30
1362,2028-12-31,2029-01-06
1363,2029-01-07,2029-01-13
1364,2029-01-14,2029-01-20
1365,2029-01-21,2029-01-27
1366,2029-01-28,2029-02-03
1367,2029-02-04,2029-02-10
1368,2029-02-11,2029-02-17
1369,2029-02-18,2029-02-24
1370,2029-02-25,2029-03-03
1371,2029-03-04,2029-03-10
1372,2029-03-11,2029-03-17
1373,2029-03-18,2029-03-24
1374,2029-03-25,2029-03-31
1375,2029-04-01,2029-04-07
1376,2029-04-08,2029-04-14
1377,2029-04-15,2029-04-21
1378,2029-04-22,2029-04-28
1379,2029-04-29,2029-05-05
1380,2029-05-06,2029-05-12
1381,2029-05-13,2029-05-19
1382,2029-05-20,2029-05-26
1383,2029-05-27,2029-06-02
1384,2029-06-03,2029-06-09
1385,2029-06-10,2029-06-16
1386,2029-06-17,2029-06-23
1387,2029-06-24,2029-06-30
1388,2029-07-01,2029-07-07
1389,2029-07-08,2029-07-14
1390,2029-07-15,2029-07-21
1391,2029-07-22,2029-07-28
1392,2029-07-29,2029-08-04
1393,2029-08-05,2029-08-11
1394,2029-08-12,2029-08-18
1395,2029-08-19,2029-08-25
1396,2029-08-26,2029-09-01
1397,2029-09-02,2029-09-08
1398,2029-09-09,2029-09-15
1399,2029-09-16,2029-09-22
1400,2029-09-23,2029-09-29
1401,2029-09-30,2029-10-06
1402,2029-10-07,2029-10-13
1403,2029-10-14,2029-10-20
1404,2029-10-21,2029-10-27
1405,2029-10-28,2029-11-03
1406,2029-11-04,2029-11-10
1407,2029-11-11,2029-11-17
1408,2029-11-18,2029-11-24
1409,2029-11-25,2029-12-01
1410,2029-12-02,2029-12-08
1411,2029-12-09,2029-12-15
1412,2029-12-16,2029-12-22
1413,2029-12-23,2029-12-29
1414,2029-12-30,2030-01-05
1415,2030-01-06,2030-01-12
1416,2030-01-13,2030-01-19
1417,2030-01-20,2030-01-26
1418,2030-01-27,2030-02-02
1419,2030-02-03,2030-02-09
1420,2030-02-10,2030-02-16
1421,2030-02-17,2030-02-23
1422,2030-02-24,2030-03-02
1423,2030-03-03,2030-03-09
1424,2030-03-10,2030-03-16
1425,2030-03-17,2030-03-23
1426,2030-03-24,2030-03-30
1427,2030-03-31,2030-04-06
1428,2030-04-07,2030-04-13
1429,2030-04-14,2030-04-20
1430,2030-04-21,2030-04-27
1431,2030-04-28,2030-05-04
1432,2030-05-05,2030-05-11
1433,2030-05-12,2030-05-18
1434,2030-05-19,2030-05-25
1435,2030-05-26,2030-06-01
1436,2030-06-02,2030-06-08
1437,2030-06-09,2030-06-15
1438,2030-06-16,2030-06-22
1439,2030-06-23,2030-06-29
1440,2030-06-30,2030-07-06
1441,2030-07-07,2030-07-13
1442,2030-07-14,2030-07-20
1443,2030-07-21,2030-07-27
1444,2030-07-28,2030-08-03
1445,2030-08-04,2030-08-10
1446,2030-08-11,2030-08-17
1447,2030-08-18,2030-08-24
1448,2030-08-25,2030-08-31
1449,2030-09-01,2030-09-07
1450,2030-09-08,2030-09-14
1451,2030-09-15,2030-09-21
1452,2030-09-22,2030-09-28
1453,2030-09-29,2030-10-05
1454,2030-10-06,2030-10-12
1455,2030-10-13,2030-10-19
1456,2030-10-20,2030-10-26
1457,2030-10-27,2030-11-02
1458,2030-11-03,2030-11-09
1459,2030-11-10,2030-11-16
1460,2030-11-17,2030-11-23
1461,2030-11-24,2030-11-30
1462,2030-12-01,2030-12-07
1463,2030-12-08,2030-12-14
1464,2030-12-15,2030-12-21
1465,2030-12-22,2030-12-28
1466,2030-12-29,2031-01-04
1467,2031-01-05,2031-01-11
1468,2031-01-12,2031-01-18
1469,2031-01-19,2031-01-25
1470,2031-01-26,2031-02-01
1471,2031-02-02,2031-02-08
1472,2031-02-09,2031-02-15
1473,2031-02-16,2031-02-22
1474,2031-02-23,2031-03-01
1475,2031-03-02,2031-03-08
1476,2031-03-09,2031-03-15
1477,2031-03-16,2031-03-22
1478,2031-03-23,2031-03-29
1479,2031-03-30,2031-04-05
1480,2031-04-06,2031-04-12
1481,2031-04-13,2031-04-19
1482,2031-04-20,2031-04-26
1483,2031-04-27,2031-05-03
1484,2031-05-04,2031-05-10
1485,2031-05-11,2031-05-17
1486,2031-05-18,2031-05-24
1487,2031-05-25,2031-05-31
1488,2031-06-01,2031-06-07
1489,2031-06-08,2031-06-14
1490,2031-06-15,2031-06-21
1491,2031-06-22,2031-06-28
1492,2031-06-29,2031-07-05
1493,2031-07-06,2031-07-12
1494,2031-07-13,2031-07-19
1495,2031-07-20,2031-07-26
1496,2031-07-27,2031-08-02
1497,2031-08-03,2031-08-09
1498,2031-08-10,2031-08-16
1499,2031-08-17,2031-08-23
1500,2031-08-24,2031-08-30
1501,2031-08-31,2031-09-06
1502,2031-09-07,2031-09-13
1503,2031-09-14,2031-09-20
1504,2031-09-21,2031-09-27
1505,2031-09-28,2031-10-04
1506,2031-10-05,2031-10-11
1507,2031-10-12,2031-10-18
1508,2031-10-19,2031-10-25
1509,2031-10-26,2031-11-01
1510,2031-11-02,2031-11-08
1511,2031-11-09,2031-11-15
1512,2031-11-16,2031-11-22
1513,2031-11-23,2031-11-29
1514,2031-11-30,2031-12-06
1515,2031-12-07,2031-12-13
1516,2031-12-14,2031-12-20
1517,2031-12-21,2031-12-27
1518,2031-12-28,2032-01-03
1519,2032-01-04,2032-01-10
1520,2032-01-11,2032-01-17
1521,2032-01-18,2032-01-24
1522,2032-01-25,2032-01-31
1523,2032-02-01,2032-02-07
1524,2032-02-08,2032-02-14
1525,2032-02-15,2032-02-21
1526,2032-02-22,2032-02-28
1527,2032-02-29,2032-03-06
1528,2032-03-07,2032-03-13
1529,2032-03-14,2032-03-20
1530,2032-03-21,2032-03-27
1531,2032-03-28,2032-04-03
1532,2032-04-04,2032-04-10
1533,2032-04-11,2032-04-17
1534,2032-04-18,2032-04-24
1535,2032-04-25,2032-05-01
1536,2032-05-02,2032-05-08
1537,2032-05-09,2032-05-15
1538,2032-05-16,2032-05-22
1539,2032-05-23,2032-05-29
1540,2032-05-30,2032-06-05
1541,2032-06-06,2032-06-12
1542,2032-06-13,2032-06-19
1543,2032-06-20,2032-06-26
1544,2032-06-27,2032-07-03
1545,2032-07-04,2032-07-10
1546,2032-07-11,2032-07-17
1547,2032-07-18,2032-07-24
1548,2032-07-25,2032-07-31
1549,2032-08-01,2032-08-07
1550,2032-08-08,2032-08-14
1551,2032-08-15,2032-08-21
1552,2032-08-22,2032-08-28
1553,2032-08-29,2032-09-04
1554,2032-09-05,2032-09-11
1555,2032-09-12,2032-09-18
1556,2032-09-19,2032-09-25
1557,2032-09-26,2032-10-02
1558,2032-10-03,2032-10-09
1559,2032-10-10,2032-10-16
1560,2032-10-17,2032-10-23
1561,2032-10-24,2032-10-30
1562,2032-10-31,2032-11-06
1563,2032-11-07,2032-11-13
1564,2032-11-14,2032-11-20
1565,2032-11-21,2032-11-27
1566,2032-11-28,2032-12-04
1567,2032-12-05,2032-12-11
1568,2032-12-12,2032-12-18
1569,2032-12-19,2032-12-25
1570,2032-12-26,2033-01-01
1571,2033-01-02,2033-01-08
1572,2033-01-09,2033-01-15
1573,2033-01-16,2033-01-22
1574,2033-01-23,2033-01-29
1575,2033-01-30,2033-02-05
1576,2033-02-06,2033-02-12
1577,2033-02-13,2033-02-19
1578,2033-02-20,2033-02-26
1579,2033-02-27,2033-03-05
1580,2033-03-06,2033-03-12
1581,2033-03-13,2033-03-19
1582,2033-03-20,2033-03-26
1583,2033-03-27,2033-04-02
1584,2033-04-03,2033-04-09
1585,2033-04-10,2033-04-16
1586,2033-04-17,2033-04-23
1587,2033-04-24,2033-04-30
1588,2033-05-01,2033-05-07
1589,2033-05-08,2033-05-14
1590,2033-05-15,2033-05-21
1591,2033-05-22,2033-05-28
1592,2033-05-29,2033-06-04
1593,2033-06-05,2033-06-11
1594,2033-06-12,2033-06-18
1595,2033-06-19,2033-06-25
1596,2033-06-26,2033-07-02
1597,2033-07-03,2033-07-09
1598,2033-07-10,2033-07-16
1599,2033-07-17,2033-07-23
1600,2033-07-24,2033-07-30
1601,2033-07-31,2033-08-06
1602,2033-08-07,2033-08-13
1603,2033-08-14,2033-08-20
1604,2033-08-21,2033-08-27
1605,2033-08-28,2033-09-03
1606,2033-09-04,2033-09-10
1607,2033-09-11,2033-09-17
1608,2033-09-18,2033-09-24
1609,2033-09-25,2033-10-01
1610,2033-10-02,2033-10-08
1611,2033-10-09,2033-10-15
1612,2033-10-16,2033-10-22
1613,2033-10-23,2033-10-29
1614,2033-10-30,2033-11-05
1615,2033-11-06,2033-11-12
1616,2033-11-13,2033-11-19
1617,2033-11-20,2033-11-26
1618,2033-11-27,2033-12-03
1619,2033-12-04,2033-12-10
1620,2033-12-11,2033-12-17
1621,2033-12-18,2033-12-24
1622,2033-12-25,2033-12-31
1623,2034-01-01,2034-01-07
1624,2034-01-08,2034-01-14
1625,2034-01-15,2034-01-21
1626,2034-01-22,2034-01-28
1627,2034-01-29,2034-02-04
1628,2034-02-05,2034-02-11
1629,2034-02-12,2034-02-18
1630,2034-02-19,2034-02-25
1631,2034-02-26,2034-03-04
1632,2034-03-05,2034-03-11
1633,2034-03-12,2034-03-18
1634,2034-03-19,2034-03-25
1635,2034-03-26,2034-04-01
1636,2034-04-02,2034-04-08
1637,2034-04-09,2034-04-15
1638,2034-04-16,2034-04-22
1639,2034-04-23,2034-04-29
1640,2034-04-30,2034-05-06
1641,2034-05-07,2034-05-13
1642,2034-05-14,2034-05-20
1643,2034-05-21,2034-05-27
1644,2034-05-28,2034-06-03
1645,2034-06-04,2034-06-10
1646,2034-06-11,2034-06-17
1647,2034-06-18,2034-06-24
1648,2034-06-25,2034-07-01
1649,2034-07-02,2034-07-08
1650,2034-07-09,2034-07-15
1651,2034-07-16,2034-07-22
1652,2034-07-23,2034-07-29
1653,2034-07-30,2034-08-05
1654,2034-08-06,2034-08-12
1655,2034-08-13,2034-08-19
1656,2034-08-20,2034-08-26
1657,2034-08-27,2034-09-02
1658,2034-09-03,2034-09-09
1659,2034-09-10,2034-09-16
1660,2034-09-17,2034-09-23
1661,2034-09-24,2034-09-30
1662,2034-10-01,2034-10-07
1663,2034-10-08,2034-10-14
1664,2034-10-15,2034-10-21
1665,2034-10-22,2034-10-28
1666,2034-10-29,2034-11-04
1667,2034-11-05,2034-11-11
1668,2034-11-12,2034-11-18
1669,2034-11-19,2034-11-25
1670,2034-11-26,2034-12-02
1671,2034-12-03,2034-12-09
1672,2034-12-10,2034-12-16
1673,2034-12-17,2034-12-23
1674,2034-12-24,2034-12-30
1675,2034-12-31,2035-01-06
1676,2035-01-07,2035-01-13
1677,2035-01-14,2035-01-20
1678,2035-01-21,2035-01-27
1679,2035-01-28,2035-02-03
1680,2035-02-04,2035-02-10
1681,2035-02-11,2035-02-17
1682,2035-02-18,2035-02-24
1683,2035-02-25,2035-03-03
1684,2035-03-04,2035-03-10
1685,2035-03-11,2035-03-17
1686,2035-03-18,2035-03-24
1687,2035-03-25,2035-03-31
1688,2035-04-01,2035-04-07
1689,2035-04-08,2035-04-14
1690,2035-04-15,2035-04-21
1691,2035-04-22,2035-04-28
1692,2035-04-29,2035-05-05
1693,2035-05-06,2035-05-12
1694,2035-05-13,2035-05-19
1695,2035-05-20,2035-05-26
1696,2035-05-27,2035-06-02
1697,2035-06-03,2035-06-09
1698,2035-06-10,2035-06-16
1699,2035-06-17,2035-06-23
1700,2035-06-24,2035-06-30
1701,2035-07-01,2035-07-07
1702,2035-07-08,2035-07-14
1703,2035-07-15,2035-07-21
1704,2035-07-22,2035-07-28
1705,2035-07-29,2035-08-04
1706,2035-08-05,2035-08-11
1707,2035-08-12,2035-08-18
1708,2035-08-19,2035-08-25
1709,2035-08-26,2035-09-01
1710,2035-09-02,2035-09-08
1711,2035-09-09,2035-09-15
1712,2035-09-16,2035-09-22
1713,2035-09-23,2035-09-29
1714,2035-09-30,2035-10-06
1715,2035-10-07,2035-10-13
1716,2035-10-14,2035-10-20
1717,2035-10-21,2035-10-27
1718,2035-10-28,2035-11-03
1719,2035-11-04,2035-11-10
1720,2035-11-11,2035-11-17
1721,2035-11-18,2035-11-24
1722,2035-11-25,2035-12-01
1723,2035-12-02,2035-12-08
1724,2035-12-09,2035-12-15
1725,2035-12-16,2035-12-22
1726,2035-12-23,2035-12-29
1727,2035-12-30,2036-01-05
1728,2036-01-06,2036-01-12
1729,2036-01-13,2036-01-19
1730,2036-01-20,2036-01-26
1731,2036-01-27,2036-02-02
1732,2036-02-03,2036-02-09
1733,2036-02-10,2036-02-16
1734,2036-02-17,2036-02-23
1735,2036-02-24,2036-03-01
1736,2036-03-02,2036-03-08
1737,2036-03-09,2036-03-15
1738,2036-03-16,2036-03-22
1739,2036-03-23,2036-03-29
1740,2036-03-30,2036-04-05
1741,2036-04-06,2036-04-12
1742,2036-04-13,2036-04-19
1743,2036-04-20,2036-04-26
1744,2036-04-27,2036-05-03
1745,2036-05-04,2036-05-10
1746,2036-05-11,2036-05-17
1747,2036-05-18,2036-05-24
1748,2036-05-25,2036-05-31
1749,2036-06-01,2036-06-07
1750,2036-06-08,2036-06-14
1751,2036-06-15,2036-06-21
1752,2036-06-22,2036-06-28
1753,2036-06-29,2036-07-05
1754,2036-07-06,2036-07-12
1755,2036-07-13,2036-07-19
1756,2036-07-20,2036-07-26
1757,2036-07-27,2036-08-02
1758,2036-08-03,2036-08-09
1759,2036-08-10,2036-08-16
1760,2036-08-17,2036-08-23
1761,2036-08-24,2036-08-30
1762,2036-08-31,2036-09-06
1763,2036-09-07,2036-09-13
1764,2036-09-14,2036-09-20
1765,2036-09-21,2036-09-27
1766,2036-09-28,2036-10-04
1767,2036-10-05,2036-10-11
1768,2036-10-12,2036-10-18
1769,2036-10-19,2036-10-25
1770,2036-10-26,2036-11-01
1771,2036-11-02,2036-11-08
1772,2036-11-09,2036-11-15
1773,2036-11-16,2036-11-22
1774,2036-11-23,2036-11-29
1775,2036-11-30,2036-12-06
1776,2036-12-07,2036-12-13
1777,2036-12-14,2036-12-20
1778,2036-12-21,2036-12-27
1779,2036-12-28,2037-01-03
1780,2037-01-04,2037-01-10
1781,2037-01-11,2037-01-17
1782,2037-01-18,2037-01-24
1783,2037-01-25,2037-01-31
1784,2037-02-01,2037-02-07
1785,2037-02-08,2037-02-14
1786,2037-02-15,2037-02-21
1787,2037-02-22,2037-02-28
1788,2037-03-01,2037-03-07
1789,2037-03-08,2037-03-14
1790,2037-03-15,2037-03-21
1791,2037-03-22,2037-03-28
1792,2037-03-29,2037-04-04
1793,2037-04-05,2037-04-11
1794,2037-04-12,2037-04-18
1795,2037-04-19,2037-04-25
1796,2037-04-26,2037-05-02
1797,2037-05-03,2037-05-09
1798,2037-05-10,2037-05-16
1799,2037-05-17,2037-05-23
1800,2037-05-24,2037-05-30
1801,2037-05-31,2037-06-06
1802,2037-06-07,2037-06-13
1803,2037-06-14,2037-06-20
1804,2037-06-21,2037-06-27
1805,2037-06-28,2037-07-04
1806,2037-07-05,2037-07-11
1807,2037-07-12,2037-07-18
1808,2037-07-19,2037-07-25
1809,2037-07-26,2037-08-01
1810,2037-08-02,2037-08-08
1811,2037-08-09,2037-08-15
1812,2037-08-16,2037-08-22
1813,2037-08-23,2037-08-29
1814,2037-08-30,2037-09-05
1815,2037-09-06,2037-09-12
1816,2037-09-13,2037-09-19
1817,2037-09-20,2037-09-26
1818,2037-09-27,2037-10-03
1819,2037-10-04,2037-10-10
1820,2037-10-11,2037-10-17
1821,2037-10-18,2037-10-24
1822,2037-10-25,2037-10-31
1823,2037-11-01,2037-11-07
1824,2037-11-08,2037-11-14
1825,2037-11-15,2037-11-21
1826,2037-11-22,2037-11-28
1827,2037-11-29,2037-12-05
1828,2037-12-06,2037-12-12
1829,2037-12-13,2037-12-19
1830,2037-12-20,2037-12-26
1831,2037-12-27,2038-01-02
1832,2038-01-03,2038-01-09
1833,2038-01-10,2038-01-16
1834,2038-01-17,2038-01-23
1835,2038-01-24,2038-01-30
1836,2038-01-31,2038-02-06
1837,2038-02-07,2038-02-13
1838,2038-02-14,2038-02-20
1839,2038-02-21,2038-02-27
1840,2038-02-28,2038-03-06
1841,2038-03-07,2038-03-13
1842,2038-03-14,2038-03-20
1843,2038-03-21,2038-03-27
1844,2038-03-28,2038-04-03
1845,2038-04-04,2038-04-10
1846,2038-04-11,2038-04-17
1847,2038-04-18,2038-04-24
1848,2038-04-25,2038-05-01
1849,2038-05-02,2038-05-08
1850,2038-05-09,2038-05-15
1851,2038-05-16,2038-05-22
1852,2038-05-23,2038-05-29
1853,2038-05-30,2038-06-05
1854,2038-06-06,2038-06-12
1855,2038-06-13,2038-06-19
1856,2038-06-20,2038-06-26
1857,2038-06-27,2038-07-03
1858,2038-07-04,2038-07-10
1859,2038-07-11,2038-07-17
1860,2038-07-18,2038-07-24
1861,2038-07-25,2038-07-31
1862,2038-08-01,2038-08-07
1863,2038-08-08,2038-08-14
1864,2038-08-15,2038-08-21
1865,2038-08-22,2038-08-28
1866,2038-08-29,2038-09-04
1867,2038-09-05,2038-09-11
1868,2038-09-12,2038-09-18
1869,2038-09-19,2038-09-25
1870,2038-09-26,2038-10-02
1871,2038-10-03,2038-10-09
1872,2038-10-10,2038-10-16
1873,2038-10-17,2038-10-23
1874,2038-10-24,2038-10-30
1875,2038-10-31,2038-11-06
1876,2038-11-07,2038-11-13
1877,2038-11-14,2038-11-20
1878,2038-11-21,2038-11-27
1879,2038-11-28,2038-12-04
1880,2038-12-05,2038-12-11
1881,2038-12-12,2038-12-18
1882,2038-12-19,2038-12-25
1883,2038-12-26,2039-01-01
1884,2039-01-02,2039-01-08
1885,2039-01-09,2039-01-15
1886,2039-01-16,2039-01-22
1887,2039-01-23,2039-01-29
1888,2039-01-30,2039-02-05
1889,2039-02-06,2039-02-12
1890,2039-02-13,2039-02-19
1891,2039-02-20,2039-02-26
1892,2039-02-27,2039-03-05
1893,2039-03-06,2039-03-12
1894,2039-03-13,2039-03-19
1895,2039-03-20,2039-03-26
1896,2039-03-27,2039-04-02
1897,2039-04-03,2039-04-09
1898,2039-04-10,2039-04-16
1899,2039-04-17,2039-04-23
1900,2039-04-24,2039-04-30
1901,2039-05-01,2039-05-07
1902,2039-05-08,2039-05-14
1903,2039-05-15,2039-05-21
1904,2039-05-22,2039-05-28
1905,2039-05-29,2039-06-04
1906,2039-06-05,2039-06-11
1907,2039-06-12,2039-06-18
1908,2039-06-19,2039-06-25
1909,2039-06-26,2039-07-02
1910,2039-07-03,2039-07-09
1911,2039-07-10,2039-07-16
1912,2039-07-17,2039-07-23
1913,2039-07-24,2039-07-30
1914,2039-07-31,2039-08-06
1915,2039-08-07,2039-08-13
1916,2039-08-14,2039-08-20
1917,2039-08-21,2039-08-27
1918,2039-08-28,2039-09-03
1919,2039-09-04,2039-09-10
1920,2039-09-11,2039-09-17
1921,2039-09-18,2039-09-24
1922,2039-09-25,2039-10-01
1923,2039-10-02,2039-10-08
1924,2039-10-09,2039-10-15
1925,2039-10-16,2039-10-22
1926,2039-10-23,2039-10-29
1927,2039-10-30,2039-11-05
1928,2039-11-06,2039-11-12
1929,2039-11-13,2039-11-19
1930,2039-11-20,2039-11-26
1931,2039-11-27,2039-12-03
1932,2039-12-04,2039-12-10
1933,2039-12-11,2039-12-17
1934,2039-12-18,2039-12-24
1935,2039-12-25,2039-12-31
1936,2040-01-01,2040-01-07
1937,2040-01-08,2040-01-14
1938,2040-01-15,2040-01-21
1939,2040-01-22,2040-01-28
1940,2040-01-29,2040-02-04
1941,2040-02-05,2040-02-11
1942,2040-02-12,2040-02-18
1943,2040-02-19,2040-02-25
1944,2040-02-26,2040-03-03
1945,2040-03-04,2040-03-10
1946,2040-03-11,2040-03-17
1947,2040-03-18,2040-03-24
1948,2040-03-25,2040-03-31
1949,2040-04-01,2040-04-07
1950,2040-04-08,2040-04-14
1951,2040-04-15,2040-04-21
1952,2040-04-22,2040-04-28
1953,2040-04-29,2040-05-05
1954,2040-05-06,2040-05-12
1955,2040-05-13,2040-05-19
1956,2040-05-20,2040-05-26
1957,2040-05-27,2040-06-02
1958,2040-06-03,2040-06-09
1959,2040-06-10,2040-06-16
1960,2040-06-17,2040-06-23
1961,2040-06-24,2040-06-30
1962,2040-07-01,2040-07-07
1963,2040-07-08,2040-07-14
1964,2040-07-15,2040-07-21
1965,2040-07-22,2040-07-28
1966,2040-07-29,2040-08-04
1967,2040-08-05,2040-08-11
1968,2040-08-12,2040-08-18
1969,2040-08-19,2040-08-25
1970,2040-08-26,2040-09-01
1971,2040-09-02,2040-09-08
1972,2040-09-09,2040-09-15
1973,2040-09-16,2040-09-22
1974,2040-09-23,2040-09-29
1975,2040-09-30,2040-10-06
1976,2040-10-07,2040-10-13
1977,2040-10-14,2040-10-20
1978,2040-10-21,2040-10-27
1979,2040-10-28,2040-11-03
1980,2040-11-04,2040-11-10
1981,2040-11-11,2040-11-17
1982,2040-11-18,2040-11-24
1983,2040-11-25,2040-12-01
1984,2040-12-02,2040-12-08
1985,2040-12-09,2040-12-15
1986,2040-12-16,2040-12-22
1987,2040-12-23,2040-12-29
1988,2040-12-30,2041-01-05
1989,2041-01-06,2041-01-12
1990,2041-01-13,2041-01-19
1991,2041-01-20,2041-01-26
1992,2041-01-27,2041-02-02
1993,2041-02-03,2041-02-09
1994,2041-02-10,2041-02-16
1995,2041-02-17,2041-02-23
1996,2041-02-24,2041-03-02
1997,2041-03-03,2041-03-09
1998,2041-03-10,2041-03-16
1999,2041-03-17,2041-03-23
2000,2041-03-24,2041-03-30
